paper_id,img_name,image_path,raw_caption,preprocessed_text,similarity,similarity_raw,negative_tokens,penalty,token_overlap_count,best_query,sbert_sim,best_sbert_query,combined_score,selected,extracted,sim_circuit_fundamentals,sim_quantum_algorithms,sim_variational_circuits,sim_communication_and_entanglement
2507.16255,simple-not-circuit.png,images_test_50_preproc_cached_\2507_16255_0_simple-not-circuit.png,Simple circuit with a single X gate.,simpl circuit singl x gate,0.5056832088559113,0.31910718506052566,0,0.0,2,circuit_fundamentals,0.9066523313522339,circuit_fundamentals,0.6660708578544403,True,True,0.5056832088559113,0.3805400751321896,0.46350773952417396,0.3132448365800766
2410.18746,n7,,"Single-shot rotation algorithm circuit, n = 7.",singl shot rotat algorithm circuit n,0.36763163350097233,0.24843854288851633,0,0.0,3,variational_circuits,0.858925461769104,variational_circuits,0.564149164808225,True,True,0.25372658338133686,0.3255036417973564,0.36763163350097233,0.20964505479515272
2410.18746,n8,,"Single-shot rotation algorithm circuit, n = 8.",singl shot rotat algorithm circuit n,0.36763163350097233,0.24843854288851633,0,0.0,3,variational_circuits,0.8570876717567444,circuit_fundamentals,0.5634140488032812,True,True,0.25372658338133686,0.3255036417973564,0.36763163350097233,0.20964505479515272
2410.18746,n6,,"Single-shot rotation algorithm circuit, n = 6.",singl shot rotat algorithm circuit n,0.36763163350097233,0.24843854288851633,0,0.0,3,variational_circuits,0.8523212671279907,circuit_fundamentals,0.5615074869517797,True,True,0.25372658338133686,0.3255036417973564,0.36763163350097233,0.20964505479515272
2410.18746,n5,,"Single-shot rotation algorithm circuit, n = 5.",singl shot rotat algorithm circuit n,0.36763163350097233,0.24843854288851633,0,0.0,3,variational_circuits,0.8513884544372559,circuit_fundamentals,0.5611343618754857,True,True,0.25372658338133686,0.3255036417973564,0.36763163350097233,0.20964505479515272
2410.18746,n4,,"Single-shot rotation algorithm circuit, n = 4.",singl shot rotat algorithm circuit n,0.36763163350097233,0.24843854288851633,0,0.0,3,variational_circuits,0.8482206463813782,circuit_fundamentals,0.5598672386531347,True,True,0.25372658338133686,0.3255036417973564,0.36763163350097233,0.20964505479515272
